,AAA,AAC,AAG,AAT,ACA,ACC,ACG,ACT,AGA,AGC,AGG,AGT,ATA,ATC,ATG,ATT,CAA,CAC,CAG,CAT,CCA,CCC,CCG,CCT,CGA,CGC,CGG,CGT,CTA,CTC,CTG,CTT,GAA,GAC,GAG,GAT,GCA,GCC,GCG,GCT,GGA,GGC,GGG,GGT,GTA,GTC,GTG,GTT,TAA,TAC,TAG,TAT,TCA,TCC,TCG,TCT,TGA,TGC,TGG,TGT,TTA,TTC,TTG,TTT
Bombali ebolavirus,3659,2762,3066,3275,3199,2753,1055,2517,3160,2326,2431,2200,2431,3131,2604,3417,4269,2464,2998,2759,3156,2502,1473,2618,1592,851,1302,818,2101,2635,2554,2561,2678,2216,2342,2953,2625,1933,722,2241,2497,1937,1984,1653,1361,1724,1728,1960,2156,2082,1711,2596,3510,2561,1312,2476,2940,2407,2354,2102,2652,2369,2917,2779
Bundibugyo ebolavirus,6966,4857,4795,6584,5535,4093,1440,4076,4921,3077,3261,3067,4248,4831,3900,5960,7095,3877,4062,4154,4793,2715,1743,3773,2240,1080,1284,1044,3527,3320,3148,3895,4659,3074,3049,4272,3640,2297,940,2628,3329,2008,2183,2181,2080,1921,2485,2851,4482,3336,2420,3929,5221,3919,1524,3413,4564,3340,2973,3045,4312,4005,4389,5420
Tai Forest ebolavirus,1858,1231,1266,1471,1572,974,380,977,1260,836,815,846,1035,1207,917,1404,1809,1083,1113,1091,1263,746,343,851,486,285,308,199,841,843,816,1020,1124,752,759,1110,969,563,181,707,869,519,486,533,478,526,591,714,1035,837,619,891,1293,920,373,985,1130,780,798,731,1028,995,1115,1201
Sudan ebolavirus,13084,8614,9638,11901,9646,6747,2448,7101,9375,5724,7508,6692,9132,9154,8068,11186,12582,6207,7536,7865,8416,4878,2657,7088,3442,1392,2245,1806,6720,5857,6234,8266,8464,5498,6793,8803,6028,4267,1384,5292,7212,3819,4827,4780,4419,4109,4281,6019,9107,5623,5332,8970,10101,7147,2395,7596,9529,6036,6057,5551,8761,8119,8590,9741
Reston ebolavirus,11674,7673,8553,11618,9235,5532,2078,6277,8447,5166,6427,6686,7617,8422,7756,11337,11266,5106,7646,7145,7494,3742,2567,4940,3489,1614,2259,1780,5747,5277,4976,7365,7752,5333,5836,7944,5595,3470,1458,4960,6577,3569,3588,4307,4919,4074,4126,5357,8826,5010,4691,8425,8839,6000,3038,7188,8352,5133,5767,5704,8669,7292,8098,9585
Zaire ebolavirus,284873,189580,184785,242552,226833,126470,60138,147447,188806,111303,134693,132889,165335,171014,152817,238197,260790,130946,158051,165331,161741,81159,59018,108065,78713,44264,52729,42126,110836,113610,121963,159131,173703,126497,139201,159681,127725,81012,36551,106794,136385,81150,75627,89542,85028,86745,96832,110091,182427,113865,85651,159801,198818,121343,62124,143234,195179,115366,119656,114139,180545,154151,172727,205895
Mutant Zaire ebolavirus,7583,5245,5173,6474,6275,3525,1804,3982,5152,3095,3707,3547,4318,4815,4101,6316,7094,3790,4260,4492,4418,2347,1807,3076,2288,1329,1555,1303,3145,3101,3381,4274,5007,3409,3776,4321,3542,2389,1159,2920,3809,2431,2115,2366,2234,2294,2738,3007,4791,3142,2292,4263,5402,3387,1705,3923,5264,3155,3343,3057,4791,4207,4599,5644
Mutant Bombali ebolavirus,462,350,381,407,407,341,131,317,395,295,305,276,302,391,324,433,535,314,379,347,396,311,180,328,195,106,168,97,266,334,321,311,332,270,294,375,331,240,91,281,315,246,249,201,172,215,216,243,271,262,217,321,441,323,163,307,366,296,289,272,331,294,362,350
Ebola virus,65468,44004,43587,58031,52380,28758,15236,34319,45392,25925,31754,31311,39198,41680,35355,57015,62208,30781,37634,37514,37196,19790,14336,25683,18781,11185,12243,10417,26910,26086,27853,37271,41619,29503,33089,38742,30675,19009,8829,24661,32270,19203,17613,20987,18959,20857,22807,26117,41795,26405,20072,38960,47887,29448,14225,33457,46510,26861,28463,26025,42165,36394,41844,48717
Bundibugyo virus,581,405,396,548,463,340,121,340,412,256,272,254,352,405,325,494,592,324,337,344,396,230,148,314,189,91,107,88,295,279,264,325,385,257,259,355,302,191,78,222,276,168,180,182,174,161,206,236,372,278,202,329,437,327,127,287,379,278,247,253,360,333,362,449
Cote d'Ivoire ebolavirus,620,410,423,490,525,326,126,325,420,280,272,281,345,403,305,468,604,362,371,364,423,249,114,283,162,95,103,66,280,282,272,340,375,251,253,370,323,187,61,237,290,173,162,178,159,175,198,238,344,279,206,297,431,307,124,329,377,260,266,245,342,331,373,403
Zaire Ebola virus,1868,1262,1221,1613,1514,810,405,966,1263,726,876,872,1080,1144,983,1578,1717,886,1039,1069,1031,499,393,709,507,294,357,290,747,741,789,1041,1204,801,909,1043,844,528,248,693,907,540,499,571,529,562,643,739,1175,746,568,1060,1323,795,401,950,1280,753,785,740,1193,1022,1143,1392
Reston Ebola virus,557,366,406,559,442,263,97,300,408,248,302,308,360,401,376,544,540,241,359,345,361,174,121,237,164,78,109,83,274,251,238,352,369,257,282,376,268,167,68,237,313,167,165,208,232,195,191,251,422,238,219,401,414,290,147,341,399,247,277,270,414,345,388,467
